{
  "friendly": "FAS-RS",
  "modes": [
    {
      "mode": [
        "powersave"
      ],
      "call": [
        [
          "@limiters",
          "NONE"
        ],
        [
          "/dev/fas_rs/mode",
          "powersave"
        ]
      ]
    },
    {
      "mode": [
        "balance"
      ],
      "call": [
        [
          "@limiters",
          "NONE"
        ],
        [
          "/dev/fas_rs/mode",
          "balance"
        ]
      ]
    },
    {
      "mode": [
        "performance"
      ],
      "call": [
        [
          "@limiters",
          "NONE"
        ],
        [
          "/dev/fas_rs/mode",
          "performance"
        ]
      ]
    },
    {
      "mode": [
        "fast"
      ],
      "call": [
        [
          "@limiters",
          "NONE"
        ],
        [
          "/dev/fas_rs/mode",
          "fast"
        ]
      ]
    },
    {
      "mode": [
        "pedestal"
      ],
      "call": [
        [
          "@limiters",
          "NONE"
        ],
        [
          "/dev/fas_rs/mode",
          "pedestal"
        ]
      ]
    },
    {
      "mode": [
        "*"
      ],
      "call": [
        [
          "@limiters",
          "NONE"
        ],
        [
          "/dev/fas_rs/mode",
          "fast"
        ]
      ]
    }
  ]
}